Name,Age,Grade
Jamie Smith,16,82
Jordan Brown,13,31
Taylor Lee,20,89
Jamie Lewis,17,100
Jamie Walker,14,73
Drew Smith,16,37
Alex Johnson,19,76
Taylor Brown,12,64
Riley Walker,16,65
Alex Lewis,20,79
Taylor Lewis,20,33
Drew Brown,17,31
Morgan Walker,14,35
Jordan Smith,13,83
Sam Davis,17,33
Casey Garcia,17,83
Sam Brown,12,92
Casey Johnson,15,47
Jamie Davis,14,73
Jamie Martinez,11,63
Casey Walker,17,91
Jordan Smith,15,43
Morgan Lewis,11,77
Jamie Davis,14,44
Jamie Lewis,10,91
Jordan Walker,19,69
Casey Walker,15,82
Taylor Johnson,18,53
Alex Brown,10,55
Jordan Johnson,20,89
Taylor Johnson,20,70
Drew Garcia,19,58
Morgan Martinez,12,44
Sam Martinez,16,74
Casey Brown,13,94
Jordan Johnson,18,100
Skyler Lee,12,38
Riley Brown,14,30
Sam Clark,12,37
Drew Garcia,16,92
Riley Brown,14,40
Casey Smith,18,37
Taylor Smith,16,64
Casey Davis,11,64
Jordan Johnson,13,62
Taylor Walker,18,34
Casey Brown,11,70
Morgan Davis,19,57
Morgan Lee,18,36
Jordan Lee,19,41
